package_name,cve_ids,severity_rating,cvss_score,summary,published_at,details_preview,advisory_url,vuln_id,is_withdrawn
vm2,CVE-2022-36067,CRITICAL,10.0,vm2 vulnerable to Sandbox Escape resulting in Remote Code Execution on host,2022-09-28T13:09:01Z,### Impact A threat actor can bypass the sandbox protections to gain remote code execution rights on...,https://github.com/patriksimek/vm2/security/advisories/GHSA-mrgp-mrhc-5jrq,GHSA-mrgp-mrhc-5jrq,No
fastify-http-proxy,CVE-2021-21322,LOW,10.0,Prefix escape,2021-03-03T02:18:08Z,"### Impact  By crafting a specific URL, it is possible to escape the prefix of the proxied backend s...",https://github.com/fastify/fastify-http-proxy/security/advisories/GHSA-c4qr-gmr9-v23w,GHSA-c4qr-gmr9-v23w,No
fastify-reply-from,CVE-2021-21321,CRITICAL,10.0,Prefix escape,2021-03-03T01:52:05Z,"### Impact  By crafting a specific URL, it is possible to escape the prefix of the proxied backend s...",https://github.com/fastify/fastify-reply-from/security/advisories/GHSA-qmw8-3v4g-gwj4,GHSA-qmw8-3v4g-gwj4,No
safer-eval,CVE-2019-10759,CRITICAL,9.9,Sandbox Breakout / Arbitrary Code Execution in safer-eval,2019-10-21T21:58:34Z,Versions of `safer-eval` prior to 1.3.4 are vulnerable to Sandbox Escape leading to Remote Code Exec...,https://nvd.nist.gov/vuln/detail/CVE-2019-10759,GHSA-r3x4-wr4h-pw33,No
safer-eval,CVE-2019-10760,CRITICAL,9.9,Sandbox Breakout / Arbitrary Code Execution in safer-eval,2019-10-17T18:27:30Z,Versions of `safer-eval` before 1.3.2 are vulnerable to Sandbox Escape leading to Remote Code Execut...,https://nvd.nist.gov/vuln/detail/CVE-2019-10760,GHSA-hgch-jjmr-gp7w,No
openssl,CVE-2023-49210,CRITICAL,9.8,openssl npm package vulnerable to command execution,2023-11-23T21:30:18Z,"The openssl (aka node-openssl) NPM package through 2.0.0 was characterized as ""a nonsense wrapper wi...",https://nvd.nist.gov/vuln/detail/CVE-2023-49210,GHSA-75w2-qv55-x7fv,No
vm2,CVE-2023-37466,CRITICAL,9.8,vm2 Sandbox Escape vulnerability,2023-07-13T17:02:02Z,"In vm2 for versions up to 3.9.19, `Promise` handler sanitization can be bypassed, allowing attackers...",https://github.com/patriksimek/vm2/security/advisories/GHSA-cchq-frgv-rjh5,GHSA-cchq-frgv-rjh5,No
vm2,CVE-2023-37903,CRITICAL,9.8,vm2 Sandbox Escape vulnerability,2023-07-13T17:01:58Z,"In vm2 for versions up to 3.9.19, Node.js custom inspect function allows attackers to escape the san...",https://github.com/patriksimek/vm2/security/advisories/GHSA-g644-9gfx-q4q4,GHSA-g644-9gfx-q4q4,No
vm2,CVE-2023-32314,CRITICAL,9.8,vm2 Sandbox Escape vulnerability,2023-05-15T20:50:51Z,A sandbox escape vulnerability exists in vm2 for versions up to 3.9.17. It abuses an unexpected crea...,https://github.com/patriksimek/vm2/security/advisories/GHSA-whpj-8f3w-67p5,GHSA-whpj-8f3w-67p5,No
vm2,CVE-2023-30547,CRITICAL,9.8,vm2 Sandbox Escape vulnerability,2023-04-20T14:37:53Z,"There exists a vulnerability in exception sanitization of vm2 for versions up to 3.9.16, allowing at...",https://github.com/patriksimek/vm2/security/advisories/GHSA-ch3r-j5x3-6q2m,GHSA-ch3r-j5x3-6q2m,No
vm2,CVE-2023-29199,CRITICAL,9.8,vm2 Sandbox Escape vulnerability,2023-04-12T20:42:44Z,There exists a vulnerability in source code transformer (exception sanitization logic) of vm2 for ve...,https://github.com/patriksimek/vm2/security/advisories/GHSA-xj72-wvfv-8985,GHSA-xj72-wvfv-8985,No
vm2,CVE-2023-29017,CRITICAL,9.8,vm2 vulnerable to sandbox escape,2023-04-07T20:35:03Z,vm2 was not properly handling host objects passed to `Error.prepareStackTrace` in case of unhandled ...,https://github.com/patriksimek/vm2/security/advisories/GHSA-7jxr-cg7f-gpgv,GHSA-7jxr-cg7f-gpgv,No
vm2,CVE-2022-25893,CRITICAL,9.8,vm2 vulnerable to Arbitrary Code Execution,2022-12-21T06:30:29Z,The package vm2 before 3.9.10 is vulnerable to Arbitrary Code Execution due to the usage of prototyp...,https://nvd.nist.gov/vuln/detail/CVE-2022-25893,GHSA-4w2j-2rg4-5mjw,No
hermes-engine,CVE-2021-24037,CRITICAL,9.8,Use After Free in Hermes,2022-05-24T19:05:34Z,"A use after free in hermes, while emitting certain error messages, prior to commit d86e185e485b63302...",https://nvd.nist.gov/vuln/detail/CVE-2021-24037,GHSA-mph8-6787-r8hw,No
deep-defaults,CVE-2021-25944,CRITICAL,9.8,deep-defaults vulnerable to prototype pollution,2022-05-24T19:03:10Z,### Overview Prototype pollution vulnerability in 'deep-defaults' versions 1.0.0 through 1.0.5 allow...,https://nvd.nist.gov/vuln/detail/CVE-2021-25944,GHSA-h6xg-rg33-9mf4,No
hermes-engine,CVE-2020-1914,CRITICAL,9.8,Always-Incorrect Control Flow Implementation in Facebook Hermes,2022-05-24T17:30:18Z,A logic vulnerability when handling the SaveGeneratorLong instruction in Facebook Hermes prior to co...,https://nvd.nist.gov/vuln/detail/CVE-2020-1914,GHSA-327c-qx3v-h673,No
hermes-engine,CVE-2020-1911,CRITICAL,9.8,Access of Resource Using Incompatible Type in Facebook Hermes,2022-05-24T17:27:24Z,A type confusion vulnerability when resolving properties of JavaScript objects with specially-crafte...,https://nvd.nist.gov/vuln/detail/CVE-2020-1911,GHSA-f5x2-xv93-4p23,No
mxgraph,CVE-2017-18197,CRITICAL,9.8,mxGraph vulnerable to XXE attacks,2022-05-14T03:38:59Z,"In `mxGraphViewImageReader.java` in mxGraph before 3.7.6, the `SAXParserFactory` instance in `conver...",https://nvd.nist.gov/vuln/detail/CVE-2017-18197,GHSA-wvpv-8524-wg6x,No
strapi,CVE-2022-27263,CRITICAL,9.8,Unrestricted Upload of File with Dangerous Type in Strapi,2022-04-13T00:00:25Z,An arbitrary file upload vulnerability in the file upload module of Strapi v4.1.5 allows attackers t...,https://nvd.nist.gov/vuln/detail/CVE-2022-27263,GHSA-9qgm-w87q-hx89,No
vm2,CVE-2021-23555,CRITICAL,9.8,Sandbox bypass in vm2,2022-02-12T00:00:38Z,The package vm2 before 3.9.6 are vulnerable to Sandbox Bypass via direct access to host error object...,https://nvd.nist.gov/vuln/detail/CVE-2021-23555,GHSA-6pw2-5hjv-9pf7,No
hermes-engine,CVE-2021-24044,CRITICAL,9.8,Access of Resource Using Incompatible Type in Hermes,2022-01-16T00:00:45Z,By passing invalid javascript code where await and yield were called upon non-async and non-generato...,https://nvd.nist.gov/vuln/detail/CVE-2021-24044,GHSA-7mhc-prgv-r3q4,No
vm2,CVE-2021-23449,CRITICAL,9.8,Prototype Pollution in vm2,2021-10-19T15:28:45Z,This affects the package vm2 before 3.9.4. Prototype Pollution attack vector can lead to sandbox esc...,https://nvd.nist.gov/vuln/detail/CVE-2021-23449,GHSA-rjf2-j2r6-q8gr,No
strapi,CVE-2020-27664,CRITICAL,9.8,Authorization bypass in Strapi,2021-05-10T18:43:59Z,`admin/src/containers/InputModalStepperProvider/index.js` in Strapi before 3.2.5 has unwanted `/prox...,https://nvd.nist.gov/vuln/detail/CVE-2020-27664,GHSA-7frv-9phw-vrvr,No
lsof,CVE-2019-10783,HIGH,9.8,OS Command Injection in lsof,2021-04-13T15:17:53Z,All versions including 0.0.4 of lsof npm module are vulnerable to Command Injection. Every exported ...,https://nvd.nist.gov/vuln/detail/CVE-2019-10783,GHSA-whq6-mj2r-mjqc,No
safer-eval,CVE-2019-10769,CRITICAL,9.8,Sandbox Breakout / Arbitrary Code Execution in safer-eval,2019-12-11T02:01:44Z,All versions of `safer-eval` are vulnerable to Sandbox Escape leading to Remote Code Execution. The ...,https://github.com/commenthol/safer-eval/security/advisories/GHSA-v63x-xc9j-hhvq,GHSA-v63x-xc9j-hhvq,No
strapi,CVE-2019-18818,CRITICAL,9.8,Strapi allows unauthenticated attacker to reset admin password without valid reset token,2019-12-02T18:20:41Z,Versions of `strapi` prior to 3.0.0-beta.17.5 are vulnerable to Privilege Escalation. The password r...,https://nvd.nist.gov/vuln/detail/CVE-2019-18818,GHSA-6xc2-mj39-q599,No
cryptiles,CVE-2018-1000620,CRITICAL,9.8,Insufficient Entropy in cryptiles,2018-09-11T18:22:50Z,Versions of `cryptiles` prior to 4.1.2 are vulnerable to Insufficient Entropy. The `randomDigits()` ...,https://nvd.nist.gov/vuln/detail/CVE-2018-1000620,GHSA-rq8g-5pc5-wrhr,No
codecov,CVE-2020-15123,MODERATE,9.3,Command injection in codecov (npm package),2020-07-20T17:20:20Z,### Impact  The `upload` method has a command injection vulnerability. Clients of the `codecov-node`...,https://github.com/codecov/codecov-node/security/advisories/GHSA-xp63-6vf5-xf3v,GHSA-xp63-6vf5-xf3v,No
strapi,CVE-2022-31367,HIGH,8.8,Strapi mishandles hidden attributes within admin API responses,2022-09-28T00:00:17Z,Strapi before 3.6.10 and 4.x before 4.1.10 mishandles hidden attributes within admin API responses....,https://nvd.nist.gov/vuln/detail/CVE-2022-31367,GHSA-4phg-hpqm-c3j4,No
codecov,CVE-2020-7596,HIGH,8.8,Improper Neutralization of Special Elements in Output Used by a Downstream Component in Codecov,2022-05-24T17:07:19Z,"Codecov npm module before 3.6.2 allows remote attackers to execute arbitrary commands via the ""gcov-...",https://nvd.nist.gov/vuln/detail/CVE-2020-7596,GHSA-mh2h-6j8q-x246,No
strapi,CVE-2022-30617,HIGH,8.8,Improper Removal of Sensitive Information Before Storage or Transfer in Strapi,2022-05-20T00:00:28Z,"An authenticated user with access to the Strapi admin panel can view private and sensitive data, suc...",https://nvd.nist.gov/vuln/detail/CVE-2022-30617,GHSA-f6fm-r26q-p747,No
fastify-static,CVE-2021-22964,HIGH,8.8,DOS and Open Redirect with user input,2021-10-12T16:04:17Z,### Impact  A redirect vulnerability in the `fastify-static` module allows remote attackers to redir...,https://github.com/fastify/fastify-static/security/advisories/GHSA-pgh6-m65r-2rhq,GHSA-pgh6-m65r-2rhq,No
codecov,CVE-2020-7597,HIGH,8.8,codecov NPM module allows remote attackers to execute arbitrary commands,2020-02-19T17:29:39Z,codecov-node npm module before 3.6.5 allows remote attackers to execute arbitrary commands.The value...,https://nvd.nist.gov/vuln/detail/CVE-2020-7597,GHSA-5q88-cjfq-g2mh,No
xterm,CVE-2019-0542,HIGH,8.8,xterm vulnerable to remote code execution ,2019-01-14T16:19:55Z,A remote code execution vulnerability exists in Xterm.js when the component mishandles special chara...,https://nvd.nist.gov/vuln/detail/CVE-2019-0542,GHSA-mc23-976p-j42x,No
hoek,CVE-2018-3728,HIGH,8.8,Prototype Pollution in hoek,2018-04-26T15:25:17Z,Versions of `hoek` prior to 4.2.1 and 5.0.3 are vulnerable to prototype pollution.  The `merge` func...,https://nvd.nist.gov/vuln/detail/CVE-2018-3728,GHSA-jp4x-w63m-7wgm,No
@backstage/backend-common,CVE-2024-26150,HIGH,8.7,`@backstage/backend-common` vulnerable to path traversal through symlinks,2024-02-23T18:02:08Z,"### Impact  Paths checks with the `resolveSafeChildPath` utility were not exhaustive enough, leading...",https://github.com/backstage/backstage/security/advisories/GHSA-2fc9-xpp8-2g9h,GHSA-2fc9-xpp8-2g9h,No
@ensdomains/ens,CVE-2020-5232,HIGH,8.7,Malicious takeover of previously owned ENS names,2020-01-30T23:55:04Z,"### Impact A user who owns an ENS domain can set a ""trapdoor"", allowing them to transfer ownership t...",https://github.com/ensdomains/ens/security/advisories/GHSA-8f9f-pc5v-9r5h,GHSA-8f9f-pc5v-9r5h,No
@udecode/plate-core,CVE-2024-47061,HIGH,8.3,Plate allows arbitrary DOM attributes in element.attributes and leaf.attributes,2024-09-20T14:41:02Z,### Impact One longstanding feature of Plate is the ability to add custom DOM attributes to any elem...,https://github.com/udecode/plate/security/advisories/GHSA-73rg-f94j-xvhx,GHSA-73rg-f94j-xvhx,No
vm2,CVE-2019-10761,HIGH,8.3,vm2 before 3.6.11 vulnerable to sandbox escape,2022-07-14T00:00:23Z,This affects the package vm2 before 3.6.11. It is possible to trigger a RangeError exception from th...,https://nvd.nist.gov/vuln/detail/CVE-2019-10761,GHSA-wf5x-cr3r-xr77,No
@udecode/plate-media,CVE-2024-40631,HIGH,8.1,Plate media plugins has a XSS in media embed element when using custom URL parsers,2024-07-15T18:33:22Z,### Impact Editors that use `MediaEmbedElement` and pass custom `urlParsers` to the `useMediaState` ...,https://github.com/udecode/plate/security/advisories/GHSA-h3pq-667x-r789,GHSA-h3pq-667x-r789,No
@udecode/plate-link,CVE-2023-34245,HIGH,8.1,@udecode/plate-link does not sanitize URLs to prevent use of the `javascript:` scheme,2023-06-09T22:41:56Z,### Impact Affected versions of the link plugin and link UI component do not sanitize URLs to preven...,https://github.com/udecode/plate/security/advisories/GHSA-4882-hxpr-hrvm,GHSA-4882-hxpr-hrvm,No
passport-saml,CVE-2022-39299,HIGH,8.1,Signature bypass via multiple root elements,2022-10-12T22:05:41Z,### Impact  A remote attacker may be able to bypass SAML authentication on a website using passport-...,https://github.com/node-saml/passport-saml/security/advisories/GHSA-m974-647v-whv7,GHSA-m974-647v-whv7,No
hoek,CVE-2020-36604,HIGH,8.1,hoek subject to prototype pollution via the clone function.,2022-09-25T00:00:27Z,"hoek versions prior to 8.5.1, and 9.x prior to 9.0.3 are vulnerable to prototype pollution in the cl...",https://nvd.nist.gov/vuln/detail/CVE-2020-36604,GHSA-c429-5p7v-vgjp,No
hermes-engine,CVE-2020-1913,HIGH,8.1,Signed to Unsigned Conversion Error in Facebook Hermes,2022-05-24T17:27:39Z,An Integer signedness error in the JavaScript Interpreter in Facebook Hermes prior to commit 2c7af7e...,https://nvd.nist.gov/vuln/detail/CVE-2020-1913,GHSA-gmpm-xp43-f7g6,No
hermes-engine,CVE-2020-1912,HIGH,8.1,Out-of-bounds Read and Out-of-bounds Write in Facebook Hermes,2022-05-24T17:27:38Z,An out-of-bounds read/write vulnerability when executing lazily compiled inner generator functions i...,https://nvd.nist.gov/vuln/detail/CVE-2020-1912,GHSA-pf27-929j-9pmm,No
strapi,CVE-2021-28128,HIGH,8.1,Weak Password Recovery Mechanism for Forgotten Password in Strapi,2021-10-06T17:48:16Z,"In Strapi through 3.6.0, the admin panel allows the changing of one's own password without entering ...",https://nvd.nist.gov/vuln/detail/CVE-2021-28128,GHSA-37hx-4mcq-wc3h,No
windows-build-tools,CVE-2017-16003,HIGH,8.1,windows-build-tools downloads Resources over HTTP,2018-11-09T17:48:37Z,Affected versions of `windows-build-tools` insecurely download an executable over an unencrypted HTT...,https://nvd.nist.gov/vuln/detail/CVE-2017-16003,GHSA-9p47-w5xp-f4xr,No
passport-azure-ad,CVE-2016-7191,HIGH,8.1,Authentication Bypass in passport-azure-ad,2018-07-26T15:53:31Z,"Affected versions of `passport-azure-ad` do not recognize the `validateIssuer` setting, which allows...",https://nvd.nist.gov/vuln/detail/CVE-2016-7191,GHSA-73jp-3c67-hjfv,No
connect-multiparty,CVE-2022-29623,HIGH,7.8,Connect-Multiparty allows arbitrary file upload,2022-05-17T00:01:45Z,An arbitrary file upload vulnerability in the file upload module of Express Connect-Multiparty 2.2.0...,https://nvd.nist.gov/vuln/detail/CVE-2022-29623,GHSA-w2xw-44r3-4v9g,No
atlassian-connect-express,CVE-2021-26073,HIGH,7.7,Broken Authentication in Atlassian Connect Express,2022-05-24T22:28:12Z,Broken Authentication in Atlassian Connect Express (ACE) from version 3.0.2 before version 6.6.0: At...,https://nvd.nist.gov/vuln/detail/CVE-2021-26073,GHSA-4v96-m8xv-x83v,No
@prisma/sdk,CVE-2021-21414,HIGH,7.7,Command injection vulnerability in @prisma/sdk in getPackedPackage function,2021-04-06T17:25:12Z,"### Impact  As of today, we are not aware of any Prisma users or external consumers of the `@prisma/...",https://github.com/prisma/prisma/security/advisories/GHSA-pxcc-hj8w-fmm7,GHSA-pxcc-hj8w-fmm7,No
@joeattardi/emoji-button,CVE-2021-43785,HIGH,7.6,Cross-Site Scripting Vulnerability in @joeattardi/emoji-button,2021-12-01T18:29:02Z,### Impact  There are two vectors for XSS attacks with versions of @joeattardi/emoji-button before 4...,https://github.com/joeattardi/emoji-button/security/advisories/GHSA-f34m-x9pj-62vq,GHSA-f34m-x9pj-62vq,No
angular,CVE-2024-21490,HIGH,7.5,angular vulnerable to super-linear runtime due to backtracking,2024-02-10T06:30:19Z,This affects versions of the package angular from 1.3.0. A regular expression used to split the valu...,https://nvd.nist.gov/vuln/detail/CVE-2024-21490,GHSA-4w4v-5hc9-xrr2,No
swig,CVE-2023-25345,HIGH,7.5,Arbitrary local file read vulnerability during template rendering ,2023-03-15T21:30:25Z,"Directory traversal vulnerability in swig-templates thru 2.0.4 and swig thru 1.4.2, allows attackers...",https://nvd.nist.gov/vuln/detail/CVE-2023-25345,GHSA-2rq5-699j-x7p6,No
swig-templates,CVE-2023-25345,HIGH,7.5,Arbitrary local file read vulnerability during template rendering ,2023-03-15T21:30:25Z,"Directory traversal vulnerability in swig-templates thru 2.0.4 and swig thru 1.4.2, allows attackers...",https://nvd.nist.gov/vuln/detail/CVE-2023-25345,GHSA-2rq5-699j-x7p6,No
utilities,CVE-2023-26105,HIGH,7.5,mde utilities contains Prototype Pollution,2023-02-28T06:30:25Z,All versions of the package utilities are vulnerable to Prototype Pollution via the _mix function....,https://nvd.nist.gov/vuln/detail/CVE-2023-26105,GHSA-wxfj-84xf-7gxv,No
fastify-websocket,CVE-2022-39386,HIGH,7.5,fastify/websocket vulnerable to uncaught exception via crash on malformed packet,2022-11-07T21:13:57Z,"### Impact  Any application using @fastify/websocket could crash if a specific, malformed packet is ...",https://github.com/fastify/fastify-websocket/security/advisories/GHSA-4pcg-wr6c-h9cq,GHSA-4pcg-wr6c-h9cq,No
fastify-bearer-auth,CVE-2022-31142,HIGH,7.5,fastify-bearer-auth vulnerable to Timing Attack Vector,2022-07-15T19:14:27Z,### Impact  fastify-bearer-auth does not securely use crypto.timingSafeEqual. A malicious attacker c...,https://github.com/fastify/fastify-bearer-auth/security/advisories/GHSA-376v-xgjx-7mfr,GHSA-376v-xgjx-7mfr,No
phantomjs,CVE-2019-17221,HIGH,7.5,PhantomJS Arbitrary File Read,2022-05-24T22:01:03Z,"PhantomJS through 2.1.1 has an arbitrary file read vulnerability, as demonstrated by an XMLHttpReque...",https://nvd.nist.gov/vuln/detail/CVE-2019-17221,GHSA-x43g-gj9x-838x,No
hermes-engine,CVE-2020-1915,HIGH,7.5,Out-of-bounds Read in Facebook Hermes,2022-05-24T17:32:10Z,An out-of-bounds read in the JavaScript Interpreter in Facebook Hermes prior to commit 8cb935cd3b232...,https://nvd.nist.gov/vuln/detail/CVE-2020-1915,GHSA-x4cf-6jr3-3qvp,No
strapi,CVE-2022-30618,HIGH,7.5,Improper Removal of Sensitive Information Before Storage or Transfer in Strapi,2022-05-20T00:00:28Z,"An authenticated user with access to the Strapi admin panel can view private and sensitive data, suc...",https://nvd.nist.gov/vuln/detail/CVE-2022-30618,GHSA-vgj7-895j-gpr6,No
strapi,CVE-2021-46440,HIGH,7.5,Insecure password handling vulnerability in Strapi,2022-05-04T00:00:22Z,Storing passwords in a recoverable format in the DOCUMENTATION plugin component of Strapi before 3.6...,https://nvd.nist.gov/vuln/detail/CVE-2021-46440,GHSA-85vg-grr5-pw42,No
fastify-multipart,CVE-2021-23597,HIGH,7.5,Uncaught Exception in fastify-multipart,2022-02-11T18:57:53Z,### Impact  This is a bypass of CVE-2020-8136 (https://cve.mitre.org/cgi-bin/cvename.cgi?name=CVE-20...,https://github.com/fastify/fastify-multipart/security/advisories/GHSA-qh73-qc3p-rjv2,GHSA-qh73-qc3p-rjv2,No
grpc,CVE-2020-7768,HIGH,7.5,Prototype pollution in grpc and @grpc/grpc-js,2021-05-10T19:16:14Z,"""The package grpc before 1.24.4 and the package @grpc/grpc-js before 1.1.8 are vulnerable to Prototy...",https://nvd.nist.gov/vuln/detail/CVE-2020-7768,GHSA-pp75-xfpw-37g9,No
trim,CVE-2020-7753,HIGH,7.5,Regular Expression Denial of Service in trim,2021-05-10T18:44:22Z,All versions of package trim lower than 0.0.3 are vulnerable to Regular Expression Denial of Service...,https://nvd.nist.gov/vuln/detail/CVE-2020-7753,GHSA-w5p7-h5w8-2hfq,No
fastify-multipart,CVE-2020-8136,MODERATE,7.5,Uncontrolled Resource Consumption in fastify-multipart,2021-05-06T17:28:36Z,Prototype pollution vulnerability in `fastify-multipart` < 1.0.5 allows an attacker to crash fastify...,https://nvd.nist.gov/vuln/detail/CVE-2020-8136,GHSA-p9f8-gqjf-m75j,No
jointjs,CVE-2020-28479,HIGH,7.5,Denial of Service (DoS) via the unsetByPath function in jsjoints,2021-04-13T15:29:40Z,The package jointjs before 3.3.0 are vulnerable to Denial of Service (DoS) via the unsetByPath funct...,https://nvd.nist.gov/vuln/detail/CVE-2020-28479,GHSA-cq8r-fc3q-6hg2,No
strapi-plugin-content-type-builder,CVE-2020-27665,HIGH,7.5,Improper Authorization in Strapi,2020-10-29T18:29:31Z,"In Strapi before 3.2.5, there is no `admin::hasPermissions` restriction for CTB (aka content-type-bu...",https://nvd.nist.gov/vuln/detail/CVE-2020-27665,GHSA-4p55-xj37-fx7g,No
yar,CVE-2014-4179,HIGH,7.5,Denial of Service in yar,2020-09-01T15:15:36Z,Versions of `yar` prior to 2.2.0 are affected by a denial of service vulnerability related to an inv...,https://nvd.nist.gov/vuln/detail/CVE-2014-4179,GHSA-gg6m-fhqv-hg56,No
node-uuid,CVE-2015-8851,HIGH,7.5,Insecure Entropy Source - Math.random() in node-uuid,2020-04-16T03:14:50Z,Affected versions of `node-uuid` consistently fall back to using `Math.random` as an entropy source ...,https://nvd.nist.gov/vuln/detail/CVE-2015-8851,GHSA-265q-28rp-chq5,No
angular,CVE-2019-10768,HIGH,7.5,angular Prototype Pollution vulnerability,2019-11-20T15:29:43Z,Versions of `angular ` prior to 1.7.9 are vulnerable to prototype pollution. The deprecated API func...,https://nvd.nist.gov/vuln/detail/CVE-2019-10768,GHSA-89mq-4x47-5v83,No
html-pdf,CVE-2019-15138,HIGH,7.5,Arbitrary File Read in html-pdf,2019-10-11T18:40:38Z,All versions of `html-pdf` are vulnerable to Arbitrary File Read. The package fails to sanitize the ...,https://nvd.nist.gov/vuln/detail/CVE-2019-15138,GHSA-x4w5-r546-x9qh,No
fstream,CVE-2019-13173,HIGH,7.5,Arbitrary File Overwrite in fstream,2019-05-30T17:19:34Z,Versions of `fstream` prior to 1.0.12 are vulnerable to Arbitrary File Overwrite. Extracting tarball...,https://nvd.nist.gov/vuln/detail/CVE-2019-13173,GHSA-xf7w-r453-m56c,No
ethereumjs-vm,CVE-2018-19183,HIGH,7.5,Denial of Service in ethereumjs-vm,2018-11-21T22:22:46Z,ethereumjs-vm 2.4.0 allows attackers to cause a denial of service (vm.runCode failure and REVERT) vi...,https://nvd.nist.gov/vuln/detail/CVE-2018-19183,GHSA-2mw7-wggm-m6w3,No
parcel-bundler,CVE-2018-14731,HIGH,7.5,Missing Origin Validation in parcel-bundler,2018-10-30T20:36:53Z,Versions of `parcel-bundler` before 1.10.0 are missing origin validation on the websocket server. Th...,https://nvd.nist.gov/vuln/detail/CVE-2018-14731,GHSA-37q6-576q-vgr7,No
hapi,CVE-2017-16013,HIGH,7.5,Denial of Service via malformed accept-encoding header in hapi,2018-10-09T00:57:28Z,Affected versions of `hapi` will crash or lock the event loop when a malformed `accept-encoding` hea...,https://nvd.nist.gov/vuln/detail/CVE-2017-16013,GHSA-cqjg-whmm-8gv6,No
opencv.js,CVE-2017-16066,HIGH,7.5,opencv.js is malware,2018-08-29T23:47:07Z,opencv.js was a malicious module published with the intent to hijack environment variables. It has b...,https://nvd.nist.gov/vuln/detail/CVE-2017-16066,GHSA-5hxw-r847-qfwp,No
content,CVE-2017-16111,HIGH,7.5,Regular Expression Denial of Service in content,2018-07-24T19:55:05Z,Affected versions of `content` are vulnerable to a regular expression denial of service when parsing...,https://nvd.nist.gov/vuln/detail/CVE-2017-16111,GHSA-x6wp-rfwh-hcx7,No
no-case,CVE-2017-16099,HIGH,7.5,Regular Expression Denial of Service in no-case,2018-07-24T19:51:16Z,Affected versions of `no-case` are vulnerable to a regular expression denial of service when parsing...,https://nvd.nist.gov/vuln/detail/CVE-2017-16099,GHSA-ff6r-5jwm-8292,No
public,CVE-2018-3731,HIGH,7.5,Path Traversal in public,2018-07-18T21:20:30Z,Versions of `public` before 0.1.3 are vulnerable to path traversal. This is due to lack of file path...,https://nvd.nist.gov/vuln/detail/CVE-2018-3731,GHSA-rwv8-jvff-jq28,No
ecstatic,CVE-2016-10703,HIGH,7.5,Denial of Service in ecstatic,2017-12-28T22:52:47Z,"`ecstatic`, a simple static file server middleware, is vulnerable to denial of service. If a payload...",https://nvd.nist.gov/vuln/detail/CVE-2016-10703,GHSA-pm9p-9926-w68m,No
lodash.pick,CVE-2020-8203,HIGH,7.4,Prototype Pollution in lodash,2020-07-15T19:15:48Z,"Versions of lodash prior to 4.17.19 are vulnerable to Prototype Pollution. The functions `pick`, `se...",https://nvd.nist.gov/vuln/detail/CVE-2020-8203,GHSA-p6mc-m468-83gw,No
lodash.setwith,CVE-2020-8203,HIGH,7.4,Prototype Pollution in lodash,2020-07-15T19:15:48Z,"Versions of lodash prior to 4.17.19 are vulnerable to Prototype Pollution. The functions `pick`, `se...",https://nvd.nist.gov/vuln/detail/CVE-2020-8203,GHSA-p6mc-m468-83gw,No
react-native-document-picker,CVE-2024-25466,HIGH,7.3,React Native Document Picker Directory Traversal vulnerability,2024-02-16T09:30:26Z,Directory Traversal vulnerability in React Native Document Picker before 8.2.2 and 9.x before 9.1.1 ...,https://nvd.nist.gov/vuln/detail/CVE-2024-25466,GHSA-pmgm-h3cc-m4hj,No
@aws-sdk/shared-ini-file-loader,CVE-2020-28472,HIGH,7.3,Prototype Pollution via file load in aws-sdk and @aws-sdk/shared-ini-file-loader,2021-11-16T21:26:43Z,This affects the package @aws-sdk/shared-ini-file-loader before 1.0.0-rc.9; the package aws-sdk befo...,https://nvd.nist.gov/vuln/detail/CVE-2020-28472,GHSA-rrc9-gqf8-8rwg,No
strapi,CVE-2019-19609,HIGH,7.2,OS Command Injection in Strapi,2021-12-10T17:22:12Z,The Strapi framework before 3.0.0-beta.17.8 is vulnerable to Remote Code Execution in the Install an...,https://nvd.nist.gov/vuln/detail/CVE-2019-19609,GHSA-49vv-6q7q-w5cf,No
lodash.template,CVE-2021-23337,HIGH,7.2,Command Injection in lodash,2021-05-06T16:05:51Z,`lodash` versions prior to 4.17.21 are vulnerable to Command Injection via the template function....,https://nvd.nist.gov/vuln/detail/CVE-2021-23337,GHSA-35jh-r3h4-6jhm,No
@aws-cdk/aws-eks,CVE-2023-35165,MODERATE,6.6,AWS CDK EKS overly permissive trust policies,2023-06-19T22:47:26Z,If you are using the `eks.Cluster` or `eks.FargateCluster` construct we need you to take action. Oth...,https://github.com/aws/aws-cdk/security/advisories/GHSA-rx28-r23p-2qc3,GHSA-rx28-r23p-2qc3,No
@vercel/flags,CVE-2025-46332,MODERATE,6.5,Information Disclosure via Flags override link,2025-05-02T19:28:40Z,## Summary  An information disclosure vulnerability affecting Flags SDK has been addressed. It impac...,https://github.com/vercel/flags/security/advisories/GHSA-892p-pqrr-hxqr,GHSA-892p-pqrr-hxqr,No
node-tar,CVE-2024-28863,MODERATE,6.5,Denial of service while parsing a tar file due to lack of folders count validation,2024-03-22T16:57:05Z,## Description:  During some analysis today on npm's `node-tar` package I came across the folder cre...,https://github.com/isaacs/node-tar/security/advisories/GHSA-f5x3-32g6-xq36,GHSA-f5x3-32g6-xq36,No
strapi,CVE-2020-13961,MODERATE,6.5,Improper Input Validation in strapi,2022-05-24T17:21:16Z,Strapi before 3.0.2 could allow a remote authenticated attacker to bypass security restrictions beca...,https://nvd.nist.gov/vuln/detail/CVE-2020-13961,GHSA-65wv-528r-m892,No
notevil,CVE-2021-23771,MODERATE,6.5,Sandbox escape in notevil and argencoders-notevil,2022-03-18T00:01:11Z,This affects all versions of package notevil; all versions of package argencoders-notevil. It is vul...,https://nvd.nist.gov/vuln/detail/CVE-2021-23771,GHSA-8g4m-cjm2-96wq,No
stellar-sdk,CVE-2021-32738,MODERATE,6.5,Utils.readChallengeTx does not verify the server account signature,2021-07-02T19:20:33Z,The `Utils.readChallengeTx` function used in [SEP-10 Stellar Web Authentication](https://github.com/...,https://github.com/stellar/js-stellar-sdk/security/advisories/GHSA-6cgh-hjpw-q3gq,GHSA-6cgh-hjpw-q3gq,No
component-flatten,CVE-2019-10794,MODERATE,6.3,component-flatten vulnerable to Prototype Pollution,2022-05-24T17:09:13Z,All versions of component-flatten are vulnerable to Prototype Pollution. The a function could be tri...,https://nvd.nist.gov/vuln/detail/CVE-2019-10794,GHSA-g6r3-hhg9-qf58,No
critters,CVE-2023-3481,MODERATE,6.1,Critters Cross-site Scripting Vulnerability,2023-08-11T18:57:53Z,### Impact Critters version 0.0.17-0.0.19 have an issue when parsing the HTML which leads to a poten...,https://github.com/GoogleChromeLabs/critters/security/advisories/GHSA-cx3j-qqxj-9597,GHSA-cx3j-qqxj-9597,No
request,CVE-2023-28155,MODERATE,6.1,Server-Side Request Forgery in Request,2023-03-16T15:30:19Z,The `request` package through 2.88.2 for Node.js and the `@cypress/request` package prior to 3.0.0 a...,https://nvd.nist.gov/vuln/detail/CVE-2023-28155,GHSA-p8p7-x288-28g6,No
mxgraph,CVE-2022-40440,MODERATE,6.1,mxGraph vulnerable to cross-site scripting in setTooltips function,2022-10-12T12:00:19Z,mxGraph v4.2.2 was discovered to contain a cross-site scripting (XSS) vulnerability via the `setTool...,https://nvd.nist.gov/vuln/detail/CVE-2022-40440,GHSA-j4rv-pr9g-q8jv,No
angular,CVE-2022-25869,MODERATE,6.1,Angular (deprecated package) Cross-site Scripting,2022-07-16T00:00:20Z,All versions of package angular are vulnerable to Cross-site Scripting (XSS) due to insecure page ca...,https://nvd.nist.gov/vuln/detail/CVE-2022-25869,GHSA-prc3-vjfx-vhm9,No
mxgraph,CVE-2019-13127,MODERATE,6.1,mxGraph vulnerable to cross-site scripting in color field,2022-05-24T16:49:07Z,"mxGraph through 4.0.0, related to the [draw.io Diagrams](https://github.com/jgraph/drawio) plugin be...",https://nvd.nist.gov/vuln/detail/CVE-2019-13127,GHSA-xm59-jvxm-cp3v,No
strapi,CVE-2022-0764,MODERATE,6.1,Command injection in strapi,2022-02-27T00:00:15Z,"When creating a strapi app using npxcreate-strapi-app, we can inject arbitrary commands through the ...",https://nvd.nist.gov/vuln/detail/CVE-2022-0764,GHSA-xrjf-phvv-r4vr,No
fastify-static,CVE-2021-22963,MODERATE,6.1,URL Redirection to Untrusted Site ('Open Redirect') in fastify-static,2021-10-05T20:24:49Z,### Impact  A redirect vulnerability in the `fastify-static` module allows remote attackers to redir...,https://github.com/fastify/fastify-static/security/advisories/GHSA-p6vg-p826-qp3v,GHSA-p6vg-p826-qp3v,No
ag-grid,CVE-2017-16009,MODERATE,6.1,XSS via Angular Expression in ag-grid,2020-09-01T16:40:42Z,"Affected versions of `ag-grid` are vulnerable to Cross-site Scripting (XSS) via Angular Expressions,...",https://nvd.nist.gov/vuln/detail/CVE-2017-16009,GHSA-wfw3-rgfr-6g67,No
gitbook,CVE-2017-16019,MODERATE,6.1,Cross-Site Scripting in gitbook,2020-09-01T16:04:39Z,"Affected versions of `gitbook` do not properly sanitize user input outside of backticks, which may r...",https://nvd.nist.gov/vuln/detail/CVE-2017-16019,GHSA-5h5r-23r4-m87h,No
angular,CVE-2019-14863,MODERATE,6.1,AngularJS Cross-site Scripting due to failure to sanitize `xlink.href` attributes,2020-02-14T23:08:49Z,Versions of `angular` prior to 1.5.0-beta.1 are vulnerable to Cross-Site Scripting. The package fail...,https://nvd.nist.gov/vuln/detail/CVE-2019-14863,GHSA-r5fx-8r73-v86c,No
public,CVE-2018-16480,MODERATE,6.1,Tnantoka/public XSS Vulnerability,2019-02-07T18:14:37Z,A XSS vulnerability was found in module public <0.1.4 that allows malicious Javascript code to run i...,https://nvd.nist.gov/vuln/detail/CVE-2018-16480,GHSA-649c-x44h-4q7v,No
ckeditor,CVE-2018-17960,MODERATE,6.1,Ckeditor XSS Vulnerability,2018-11-21T22:19:50Z,CKEditor 4.x before 4.11.0 allows user-assisted XSS involving a source-mode paste. It was possible t...,https://nvd.nist.gov/vuln/detail/CVE-2018-17960,GHSA-g68x-vvqq-pvw3,No
public,CVE-2018-3747,MODERATE,6.1,Cross-Site Scripting in public,2018-10-10T17:27:58Z,Versions of `public` prior to 0.1.4 are vulnerable to Cross-Site Scripting (XSS). The package fails ...,https://nvd.nist.gov/vuln/detail/CVE-2018-3747,GHSA-8p5p-ff7x-hw7q,No
@sap-cloud-sdk/core,CVE-2021-41251,MODERATE,5.9,Unauthorized access to data in @sap-cloud-sdk/core,2021-11-10T16:51:41Z,### Impact This affects applications on SAP Business Technology Platform that use the SAP Cloud SDK ...,https://github.com/SAP/cloud-sdk-js/security/advisories/GHSA-gp2f-254m-rh32,GHSA-gp2f-254m-rh32,No
node-sass,,MODERATE,5.9,Denial of Service in node-sass,2020-09-11T21:12:39Z,Affected versions of `node-sass` are vulnerable to Denial of Service (DoS). Crafted objects passed t...,https://github.com/sass/node-sass/commit/338fd7a14d3b8bd374a382336df16f9c6792b884,GHSA-9v62-24cr-58cx,No
request,CVE-2017-16026,MODERATE,5.9,Remote Memory Exposure in request,2018-11-09T17:44:01Z,Affected versions of `request` will disclose local system memory to remote systems in certain circum...,https://nvd.nist.gov/vuln/detail/CVE-2017-16026,GHSA-7xfp-9c55-5vqj,No
jointjs,CVE-2021-23444,MODERATE,5.6,Prototype Pollution in jointjs,2021-09-22T20:36:34Z,This affects the package jointjs before 3.4.2. A type confusion vulnerability can lead to a bypass o...,https://github.com/clientIO/joint/pull/1514,GHSA-f3pp-32qc-36w4,No
gitbook,CVE-2019-19596,MODERATE,5.4,GitBook allows Cross-site Scripting via a local .md file.,2022-05-24T17:02:45Z,GitBook through 2.6.9 allows Cross-site Scripting via javascript inclusion in a local .md file....,https://nvd.nist.gov/vuln/detail/CVE-2019-19596,GHSA-hwgp-c653-6684,No
strapi-plugin-content-manager,CVE-2020-27666,MODERATE,5.4,Cross-site Scripting in Strapi,2020-10-29T19:40:08Z,Strapi before 3.2.5 has stored XSS in the wysiwyg editor's preview feature....,https://nvd.nist.gov/vuln/detail/CVE-2020-27666,GHSA-qvp5-mm7v-4f36,No
angular,CVE-2020-7676,MODERATE,5.4,Angular vulnerable to Cross-site Scripting,2020-06-18T14:19:58Z,angular.js prior to 1.8.0 allows cross site scripting. The regex-based input HTML replacement may tu...,https://nvd.nist.gov/vuln/detail/CVE-2020-7676,GHSA-mhp6-pxh8-r675,No
vm2,CVE-2023-32313,MODERATE,5.3,vm2 vulnerable to Inspect Manipulation,2023-05-17T03:49:37Z,In versions 3.9.17 and lower of vm2 it was possible to get a read-write reference to the node `inspe...,https://github.com/patriksimek/vm2/security/advisories/GHSA-p5gc-c584-jj6v,GHSA-p5gc-c584-jj6v,No
angular,CVE-2023-26117,MODERATE,5.3,angular vulnerable to regular expression denial of service via the $resource service,2023-03-30T06:30:26Z,All versions of the package angular are vulnerable to Regular Expression Denial of Service (ReDoS) v...,https://nvd.nist.gov/vuln/detail/CVE-2023-26117,GHSA-2qqx-w9hr-q5gx,No
angular,CVE-2023-26116,MODERATE,5.3,angular vulnerable to regular expression denial of service via the angular.copy() utility,2023-03-30T06:30:26Z,All versions of the package angular are vulnerable to Regular Expression Denial of Service (ReDoS) v...,https://nvd.nist.gov/vuln/detail/CVE-2023-26116,GHSA-2vrf-hf26-jrp5,No
angular,CVE-2023-26118,MODERATE,5.3,"angular vulnerable to regular expression denial of service via the <input type=""url""> element",2023-03-30T06:30:25Z,All versions of the package angular are vulnerable to Regular Expression Denial of Service (ReDoS) v...,https://nvd.nist.gov/vuln/detail/CVE-2023-26118,GHSA-qwqh-hm9m-p5hr,No
angular,CVE-2022-25844,MODERATE,5.3,angular vulnerable to regular expression denial of service (ReDoS),2022-05-03T00:00:44Z,AngularJS lets users write client-side web applications. The package angular after 1.7.0 is vulnerab...,https://nvd.nist.gov/vuln/detail/CVE-2022-25844,GHSA-m2h2-264f-f486,No
node-sass,CVE-2020-24025,MODERATE,5.3,Improper Certificate Validation in node-sass,2022-02-09T22:22:24Z,Certificate validation in node-sass 2.0.0 to 6.0.1 is disabled when requesting binaries even if the ...,https://nvd.nist.gov/vuln/detail/CVE-2020-24025,GHSA-r8f7-9pfq-mjmv,No
passport-saml,CVE-2021-39171,MODERATE,5.3,Unlimited transforms allowed for signed nodes,2021-08-30T16:11:57Z,### Impact A malicious SAML payload can require transforms that consume significant system resources...,https://github.com/node-saml/passport-saml/security/advisories/GHSA-5379-r78w-42h2,GHSA-5379-r78w-42h2,No
rdf-graph-array,CVE-2019-10798,MODERATE,5.3,Uncontrolled Resource Consumption in rdf-graph-array,2021-04-13T15:23:21Z,rdf-graph-array through 0.3.0-rc6 manipulation of JavaScript objects resutling in Prototype Pollutio...,https://nvd.nist.gov/vuln/detail/CVE-2019-10798,GHSA-prv2-xwr7-hr57,No
mem,,MODERATE,5.1,Denial of Service in mem,2019-07-05T21:07:58Z,Versions of `mem` prior to 4.0.0 are vulnerable to Denial of Service (DoS).  The package fails to re...,https://github.com/sindresorhus/mem/commit/da4e4398cb27b602de3bd55f746efa9b4a31702b,GHSA-4xcv-9jjx-gfj3,No
angular,,MODERATE,5.0,XSS via JQLite DOM manipulation functions in AngularJS,2020-08-05T21:47:02Z,### Summary XSS may be triggered in AngularJS applications that sanitize user-controlled HTML snippe...,https://github.com/google/security-research/security/advisories/GHSA-5cp4-xmrw-59wf,GHSA-5cp4-xmrw-59wf,No
strapi-admin,CVE-2020-8123,MODERATE,4.9,Uncontrolled Resource Consumption in strapi,2021-12-10T17:22:01Z,A denial of service exists in strapi v3.0.0-beta.18.3 and earlier that can be abused in the admin co...,https://nvd.nist.gov/vuln/detail/CVE-2020-8123,GHSA-23fp-fmrv-f5px,No
angular-sanitize,CVE-2025-2336,MODERATE,4.8,AngularJS Incomplete Filtering of Special Elements vulnerability,2025-06-04T18:30:58Z,Improper sanitization of the value of the 'href' and 'xlink:href' attributes in '<image>' SVG elemen...,https://nvd.nist.gov/vuln/detail/CVE-2025-2336,GHSA-4p4w-6hg8-63wx,No
angular,CVE-2025-0716,LOW,4.8,AngularJS improperly sanitizes SVG elements,2025-04-29T18:30:59Z,Improper sanitization of the value of the 'href' and 'xlink:href' attributes in '<image>' SVG elemen...,https://nvd.nist.gov/vuln/detail/CVE-2025-0716,GHSA-j58c-ww9w-pwp5,No
angular,CVE-2024-8372,LOW,4.8,AngularJS allows attackers to bypass common image source restrictions,2024-09-09T15:30:41Z,Improper sanitization of the value of the `[srcset]` attribute in AngularJS allows attackers to bypa...,https://nvd.nist.gov/vuln/detail/CVE-2024-8372,GHSA-m9gf-397r-hwpg,No
angular,CVE-2024-8373,LOW,4.8,AngularJS allows attackers to bypass common image source restrictions,2024-09-09T15:30:41Z,Improper sanitization of the value of the `[srcset]` attribute in `<source>` HTML elements in Angula...,https://nvd.nist.gov/vuln/detail/CVE-2024-8373,GHSA-mqm9-c95h-x2p6,No
strapi,CVE-2022-29894,MODERATE,4.8,Cross-site Scripting in Strapi,2022-06-14T00:00:38Z,Strapi v3.x.x versions and earlier contain a stored cross-site scripting vulnerability in file uploa...,https://nvd.nist.gov/vuln/detail/CVE-2022-29894,GHSA-mcqm-6ff4-53qx,No
hull.js,,CRITICAL,0.0,hull.js Code Injection Vulnerability,2024-12-02T20:11:39Z,Versions of the library from 0.2.2 to 1.0.9 are vulnerable to the arbitrary code execution due to un...,https://github.com/AndriiHeonia/hull/security/advisories/GHSA-q849-wxrc-vqrp,GHSA-q849-wxrc-vqrp,No
apollo-server-core,,LOW,0.0,Prevent logging invalid header values,2023-08-30T21:24:57Z,## Impact ### What kind of vulnerability is it? Apollo Server can log sensitive information (Studio ...,https://github.com/apollographql/apollo-server/security/advisories/GHSA-j5g3-5c8r-7qfx,GHSA-j5g3-5c8r-7qfx,No
apollo-server-core,,MODERATE,0.0,Batched HTTP requests may set incorrect `cache-control` response header,2022-11-02T18:18:10Z,"### Impact In Apollo Server 3 and 4, the `cache-control` HTTP response header may not reflect the ca...",https://github.com/apollographql/apollo-server/security/advisories/GHSA-8r69-3cvp-wxc3,GHSA-8r69-3cvp-wxc3,No
apollo-server,,MODERATE,0.0,The graphql-upload library included in Apollo Server 2 is vulnerable to CSRF mutations,2022-10-12T14:15:48Z,### Impact The [graphql-upload](https://www.npmjs.com/package/graphql-upload) npm package can execut...,https://github.com/apollographql/apollo-server/security/advisories/GHSA-2p3c-p3qw-69r4,GHSA-2p3c-p3qw-69r4,No
apollo-server-core,,MODERATE,0.0,apollo-server-core vulnerable to URL-based XSS attack affecting IE11 on default landing page,2022-08-18T18:55:01Z,### Impact  The default landing page contained HTML to display a sample `curl` command which is made...,https://github.com/apollographql/apollo-server/security/advisories/GHSA-2fvv-qxrq-7jq6,GHSA-2fvv-qxrq-7jq6,No
apollo-server,,HIGH,0.0,Cross-site Scripting Vulnerability in GraphQL Playground (distributed by Apollo Server),2021-11-08T18:07:42Z,"### Impact In certain configurations, Apollo Server serves the client-side web app ""GraphQL Playgrou...",https://github.com/apollographql/apollo-server/security/advisories/GHSA-qm7x-rc44-rrqw,GHSA-qm7x-rc44-rrqw,No
@redocly/openapi-cli,,LOW,0.0,Path traversal when using `preview-docs` when working dir contains files with question mark `?` in name,2021-10-12T16:05:11Z,### Impact `preview-docs` command allows path traversal if current working dir contains files with q...,https://github.com/Redocly/openapi-cli/security/advisories/GHSA-q324-q795-2q5p,GHSA-q324-q795-2q5p,No
jointjs,CVE-2020-28480,HIGH,0.0,Prototype pollution in JointJS,2021-01-20T21:21:16Z,The package jointjs before 3.3.0 are vulnerable to Prototype Pollution via util.setByPath (https://r...,https://nvd.nist.gov/vuln/detail/CVE-2020-28480,GHSA-qwp9-52h8-xgg8,No
ecstatic,CVE-2019-10775,MODERATE,0.0,Denial of Service in ecstatic,2020-12-15T16:52:17Z,ecstatic have a denial of service vulnerability. Successful exploitation could lead to crash of an a...,https://nvd.nist.gov/vuln/detail/CVE-2019-10775,GHSA-jc84-3g44-wf2q,No
strapi,,HIGH,0.0,Command Injection in strapi,2020-09-04T16:54:02Z,Versions of `strapi` before 3.0.0-beta.17.8 are vulnerable to Command Injection. The package fails t...,https://github.com/strapi/strapi,GHSA-9p2w-rmx4-9mw7,No
notevil,,MODERATE,0.0,Sandbox Breakout / Prototype Pollution in notevil,2020-09-04T15:18:57Z,Versions of `notevil` prior to 1.3.3 are vulnerable to Sandbox Escape leading to Prototype pollution...,https://www.npmjs.com/advisories/1338,GHSA-9gxr-rhx6-4jgv,No
safer-eval,,CRITICAL,0.0,Sandbox Breakout / Arbitrary Code Execution in safer-eval,2020-09-03T21:18:41Z,All versions of `safer-eval` are vulnerable to Sandbox Escape leading to Remote Code Execution. It i...,https://gist.github.com/JLLeitschuh/609bb2efaff22ed84fe182cf574c023a,GHSA-876r-hj45-fw7g,No
subtext,,HIGH,0.0,Denial of Service in subtext,2020-09-03T20:35:29Z,All versions of `subtext` are vulnerable to Denial of Service (DoS). The package fails to enforce th...,https://github.com/hapijs/subtext/issues/72,GHSA-2mvq-xp48-4c77,No
public,,MODERATE,0.0,Path Traversal in public,2020-09-03T20:26:39Z,All versions of `public` are vulnerable to Path Traversal. This vulnerability allows an attacker to ...,https://hackerone.com/reports/593911,GHSA-4vvp-x9h2-x2vf,No
notevil,,HIGH,0.0,Sandbox Breakout / Arbitrary Code Execution in notevil,2020-09-03T19:03:33Z,Versions of `notevil` prior to 1.3.2 are vulnerable to Sandbox Escape leading to Remote Code Executi...,https://www.npmjs.com/advisories/1093,GHSA-7r5f-7qr4-pf6q,No
@sap-cloud-sdk/core,,HIGH,0.0,Improper Authorization in @sap-cloud-sdk/core,2020-09-03T15:54:11Z,Affected versions of `@sap-cloud-sdk/core` do not properly validate JWTs.  The `verifyJwt()` functio...,https://www.npmjs.com/advisories/1540,GHSA-r2vw-jgq9-jqx2,No
sapper,,CRITICAL,0.0,Path Traversal in sapper,2020-09-03T15:50:38Z,Versions of `sapper` prior to 0.27.11 are vulnerable to Path Traversal. It is possible to access sen...,https://www.npmjs.com/advisories/1494,GHSA-f3vw-587g-r29g,No
hapi,,HIGH,0.0,Denial of Service in hapi,2020-09-03T15:48:00Z,All Versions of `hapi` are vulnerable to Denial of Service. The CORS request handler has a vulnerabi...,https://www.npmjs.com/advisories/1481,GHSA-7hx8-2rxv-66xv,No
pez,,HIGH,0.0,Prototype Pollution in pez,2020-09-03T15:47:10Z,All versions of `pez` are vulnerable to Prototype Pollution. A multipart payload can be constructed ...,https://github.com/hapijs/pez/compare/v4.1.1...v4.1.2,GHSA-g64q-3vg8-8f93,No
content,,HIGH,0.0,Denial of Service in content,2020-09-03T15:46:57Z,Versions of `content` are vulnerable to Denial of Service. The Content-Encoding HTTP header parser h...,https://github.com/hapijs/content/compare/v4.1.0...v4.1.1,GHSA-5854-jvxx-2cg9,No
ammo,,HIGH,0.0,Denial of Service in ammo,2020-09-03T15:45:40Z,All versions of `ammo` are vulnerable to Denial of Service. The Range HTTP header parser has a vulne...,https://www.npmjs.com/advisories/1472,GHSA-mg85-8mv5-ffjr,No
ag-grid,,HIGH,0.0,ag-grid Cross-Site Scripting vulnerability,2020-09-02T21:28:05Z,Versions of `ag-grid` prior to 14.0.0 are vulnerable to Cross-Site Scripting (XSS). Grid contents ar...,https://github.com/ag-grid/ag-grid/issues/1961,GHSA-7p6w-x2gr-rrf8,No
graphql-code-generator,,HIGH,0.0,Insecure Default Configuration in graphql-code-generator,2020-09-02T18:27:54Z,Versions of `graphql-code-generator` prior to 0.18.2 have an Insecure Default Configuration. The pac...,https://github.com/dotansimha/graphql-code-generator/issues/1806,GHSA-9w87-4j72-gcv7,No
hapi,CVE-2015-9243,MODERATE,0.0,Unsafe Merging of CORS Configuration Conflict in hapi,2020-09-01T15:20:00Z,Versions of `hapi` prior to 11.1.4 are affected by a vulnerability that causes route-level CORS conf...,https://nvd.nist.gov/vuln/detail/CVE-2015-9243,GHSA-j3g2-m5jj-6336,No
gm,CVE-2015-7982,CRITICAL,0.0,Command Injection in gm,2020-09-01T15:18:55Z,Versions of `gm` prior to 1.21.1 are affected by a command injection vulnerability. The vulnerabilit...,https://nvd.nist.gov/vuln/detail/CVE-2015-7982,GHSA-pjh3-jv7w-9jpr,No
inert,CVE-2014-10068,MODERATE,0.0,Hidden Directories Always Served in inert,2020-08-31T22:47:41Z,Versions 1.1.1 and earlier of `inert` are vulnerable to an information leakage vulnerability which c...,https://nvd.nist.gov/vuln/detail/CVE-2014-10068,GHSA-g4xp-36c3-f7mr,No
hapi,CVE-2014-4671,MODERATE,0.0,Rosetta-Flash JSONP Vulnerability in hapi,2020-08-31T22:45:35Z,This description taken from the pull request provided by Patrick Kettner.    Versions 6.1.0 and earl...,https://nvd.nist.gov/vuln/detail/CVE-2014-4671,GHSA-363h-vj6q-3cmj,No
apollo-server-core,,MODERATE,0.0,Introspection in schema validation in Apollo Server,2020-06-05T19:38:14Z,We encourage all users of Apollo Server to read this advisory in its entirety to understand the impa...,https://github.com/apollographql/apollo-server/security/advisories/GHSA-w42g-7vfc-xf37,GHSA-w42g-7vfc-xf37,No
apollo-server-express,,MODERATE,0.0,Introspection in schema validation in Apollo Server,2020-06-05T19:38:14Z,We encourage all users of Apollo Server to read this advisory in its entirety to understand the impa...,https://github.com/apollographql/apollo-server/security/advisories/GHSA-w42g-7vfc-xf37,GHSA-w42g-7vfc-xf37,No
apollo-server,,MODERATE,0.0,Introspection in schema validation in Apollo Server,2020-06-05T19:38:14Z,We encourage all users of Apollo Server to read this advisory in its entirety to understand the impa...,https://github.com/apollographql/apollo-server/security/advisories/GHSA-w42g-7vfc-xf37,GHSA-w42g-7vfc-xf37,No
apollo-server-lambda,,MODERATE,0.0,Introspection in schema validation in Apollo Server,2020-06-05T19:38:14Z,We encourage all users of Apollo Server to read this advisory in its entirety to understand the impa...,https://github.com/apollographql/apollo-server/security/advisories/GHSA-w42g-7vfc-xf37,GHSA-w42g-7vfc-xf37,No
apollo-server-koa,,MODERATE,0.0,Introspection in schema validation in Apollo Server,2020-06-05T19:38:14Z,We encourage all users of Apollo Server to read this advisory in its entirety to understand the impa...,https://github.com/apollographql/apollo-server/security/advisories/GHSA-w42g-7vfc-xf37,GHSA-w42g-7vfc-xf37,No
apollo-server-micro,,MODERATE,0.0,Introspection in schema validation in Apollo Server,2020-06-05T19:38:14Z,We encourage all users of Apollo Server to read this advisory in its entirety to understand the impa...,https://github.com/apollographql/apollo-server/security/advisories/GHSA-w42g-7vfc-xf37,GHSA-w42g-7vfc-xf37,No
apollo-server-fastify,,MODERATE,0.0,Introspection in schema validation in Apollo Server,2020-06-05T19:38:14Z,We encourage all users of Apollo Server to read this advisory in its entirety to understand the impa...,https://github.com/apollographql/apollo-server/security/advisories/GHSA-w42g-7vfc-xf37,GHSA-w42g-7vfc-xf37,No
apollo-server-hapi,,MODERATE,0.0,Introspection in schema validation in Apollo Server,2020-06-05T19:38:14Z,We encourage all users of Apollo Server to read this advisory in its entirety to understand the impa...,https://github.com/apollographql/apollo-server/security/advisories/GHSA-w42g-7vfc-xf37,GHSA-w42g-7vfc-xf37,No
apollo-server-cloud-functions,,MODERATE,0.0,Introspection in schema validation in Apollo Server,2020-06-05T19:38:14Z,We encourage all users of Apollo Server to read this advisory in its entirety to understand the impa...,https://github.com/apollographql/apollo-server/security/advisories/GHSA-w42g-7vfc-xf37,GHSA-w42g-7vfc-xf37,No
ecstatic,,HIGH,0.0,Open Redirect in ecstatic,2020-04-01T16:35:08Z,"Versions of `ecstatic` prior to 4.1.2, 3.3.2 or 2.2.2 are vulnerable to Open Redirect. The package f...",https://nvd.nist.gov/vuln/detail/CVE-2019-10775,GHSA-9q64-mpxx-87fg,No
angular,,MODERATE,0.0,Cross-Site Scripting via JSONP,2019-06-27T17:25:42Z,"JSONP allows untrusted resource URLs, which provides a vector for attack by malicious actors....",https://github.com/angular/angular.js/commit/6476af83cd0418c84e034a955b12a842794385c4,GHSA-28hp-fgcr-2r4h,No
squel,,CRITICAL,0.0,Failure to sanitize quotes which can lead to sql injection in squel,2019-06-14T16:09:01Z,All versions of `squel` are vulnerable to sql injection.  The `squel` package does not properly esca...,https://github.com/hiddentao/squel/issues/350,GHSA-4qhx-g9wp-g9m6,No
npmconf,,MODERATE,0.0,Out-of-bounds Read in npmconf,2019-06-12T16:37:00Z,Versions of `npmconf` before 2.1.3 allocate and write to disk uninitialized memory contents when a t...,https://hackerone.com/reports/320269,GHSA-57cf-349j-352g,No
public,,LOW,0.0,Cross-Site Scripting in public,2019-05-31T23:46:40Z,All versions of `public` are vulnerable to stored cross-site scripting (XSS).    ## Recommendation  ...,https://hackerone.com/reports/316346,GHSA-7jfh-2xc9-ccv7,No
electron-packager,CVE-2016-10534,LOW,0.0,SSL Validation Defaults to False in electron-packager,2019-02-18T23:58:24Z,Affected versions of `electron-packager` configure the generated application to disable SSL certific...,https://nvd.nist.gov/vuln/detail/CVE-2016-10534,GHSA-q43m-ffwr-rpcc,No
waterline-sequel,CVE-2016-10551,HIGH,0.0,SQL Injection in waterline-sequel,2019-02-18T23:54:28Z,Affected versions of `waterline-sequel` are vulnerable to SQL injection in cases where user input is...,https://nvd.nist.gov/vuln/detail/CVE-2016-10551,GHSA-cgpp-wm2h-6hqx,No
call,CVE-2016-10543,MODERATE,0.0,Route Validation Bypass in call,2019-02-18T23:40:04Z,"Affected versions of `call` do not validate empty parameters, which may result in a bypass of route ...",https://nvd.nist.gov/vuln/detail/CVE-2016-10543,GHSA-84fv-prrc-5ggr,No
hapi,CVE-2015-9236,MODERATE,0.0,Incorrect handling of CORS preflight request headers in hapi,2018-06-07T19:43:25Z,"Versions of `hapi` prior to 11.0.0 implement CORS incorrectly, allowing for configurations that at b...",https://nvd.nist.gov/vuln/detail/CVE-2015-9236,GHSA-vwrf-r5r4-7775,No
hapi,CVE-2015-9241,HIGH,0.0,Denial of Service in hapi,2018-06-07T19:43:15Z,Versions of `hapi` prior to 11.1.3 are affected by a denial of service vulnerability.  The vulnerabi...,https://nvd.nist.gov/vuln/detail/CVE-2015-9241,GHSA-rc8h-3fv6-pxv8,No
ecstatic,CVE-2015-9242,HIGH,0.0,Denial of Service in ecstatic,2018-06-07T19:43:11Z,Versions of `ecstatic` prior to 1.4.0 are affected by a denial of service vulnerability when certain...,https://nvd.nist.gov/vuln/detail/CVE-2015-9242,GHSA-vwjc-q9px-r9vq,No
hapi,CVE-2014-3742,HIGH,0.0,File Descriptor Leak Can Cause DoS Vulnerability in hapi,2017-10-24T18:33:36Z,Versions 2.0.x and 2.1.x of hapi are vulnerable to a denial of service attack via a file descriptor ...,https://nvd.nist.gov/vuln/detail/CVE-2014-3742,GHSA-cqr7-78pj-3g7j,No